{"rmse": 1.0508651733398438, "r2": 0.061958471344515154}